-- ==========================================================================
-- PHẦN 1: ĐẢM BẢO TẤT CẢ CÁC PHÒNG TRÊN HOÁ ĐƠN ĐỀU TỒN TẠI TRONG BẢNG ROOM
-- ==========================================================================
INSERT INTO room (room_number, area, price, status) VALUES
('000', 25.0, 1800000.00, 'OCCUPIED'),
('001', 25.0, 2500000.00, 'OCCUPIED'),
('002', 25.0, 2500000.00, 'OCCUPIED'),
('003', 25.0, 2500000.00, 'OCCUPIED'),
('004', 25.0, 1500000.00, 'OCCUPIED'),
('P.lửng 3', 20.0, 1600000.00, 'OCCUPIED'),
('P.lửng 4', 20.0, 2300000.00, 'OCCUPIED'),
('P.lửng 5', 20.0, 2500000.00, 'OCCUPIED'),
('P.lửng 6', 20.0, 2200000.00, 'OCCUPIED'),
('P.lửng 7', 20.0, 2500000.00, 'OCCUPIED'),
('101', 25.0, 3500000.00, 'OCCUPIED'),
('102', 25.0, 2900000.00, 'OCCUPIED'),
('103', 30.0, 2600000.00, 'OCCUPIED'),
('104', 30.0, 2400000.00, 'OCCUPIED'),
('105', 35.0, 2600000.00, 'OCCUPIED'),
('106', 30.0, 2500000.00, 'OCCUPIED'),
('107', 25.0, 2000000.00, 'OCCUPIED'),
('201', 25.0, 3500000.00, 'OCCUPIED'),
('202', 25.0, 3500000.00, 'OCCUPIED'),
('203', 30.0, 2600000.00, 'OCCUPIED'),
('204', 30.0, 2600000.00, 'OCCUPIED'),
('205', 35.0, 2500000.00, 'OCCUPIED'),
('206', 30.0, 2400000.00, 'OCCUPIED'),
('207', 25.0, 2200000.00, 'OCCUPIED')
ON DUPLICATE KEY UPDATE price = price, status = status;


-- ==========================================================================
-- PHẦN 2: NẠP CHI TIẾT HÓA ĐƠN ĐIỆN NƯỚC THÁNG 07/2026 (KỲ '2026-07')
-- (Đã lược bỏ cột 'note' để tương thích 100% với DDL trong V1 hiện tại)
-- ==========================================================================
INSERT INTO utility_bill 
(room_number, billing_month, old_electricity, new_electricity, electricity_fee, water_fee, internet_fee, washing_machine_fee, other_fee, room_price, total_amount) 
VALUES
-- Tầng Trệt & Phòng đặc biệt
('000', '2026-07', 0, 0, 3500.00, 60000.00, 50000.00, 0.00, 30000.00, 1800000.00, 1940000.00),
('001', '2026-07', 13350, 13561, 3500.00, 120000.00, 80000.00, 0.00, 30000.00, 2500000.00, 3469000.00),
('002', '2026-07', 10828, 11008, 3500.00, 0.00, 80000.00, 0.00, 30000.00, 2500000.00, 3240000.00),
('003', '2026-07', 10448, 10610, 3500.00, 60000.00, 70000.00, 0.00, 30000.00, 2500000.00, 3227000.00),
('004', '2026-07', 1696, 1781, 3500.00, 60000.00, 70000.00, 0.00, 30000.00, 1500000.00, 1958000.00),

-- Các phòng lửng (P.lửng)
('P.lửng 3', '2026-07', 5775, 5835, 3500.00, 60000.00, 70000.00, 0.00, 30000.00, 1600000.00, 1970000.00),
('P.lửng 4', '2026-07', 2308, 2440, 3500.00, 120000.00, 50000.00, 0.00, 30000.00, 2300000.00, 2962000.00),
('P.lửng 5', '2026-07', 10521, 10521, 3500.00, 120000.00, 70000.00, 0.00, 30000.00, 2500000.00, 2720000.00),
('P.lửng 6', '2026-07', 3212, 3249, 3500.00, 120000.00, 50000.00, 0.00, 30000.00, 2200000.00, 2530000.00),
('P.lửng 7', '2026-07', 11070, 11185, 3500.00, 120000.00, 60000.00, 0.00, 30000.00, 2500000.00, 3113000.00),

-- Tầng 1
('101', '2026-07', 6510, 6691, 3500.00, 180000.00, 70000.00, 150000.00, 30000.00, 3500000.00, 4564000.00),
('102', '2026-07', 3856, 3990, 3500.00, 240000.00, 70000.00, 0.00, 30000.00, 2900000.00, 3709000.00),
('103', '2026-07', 15896, 16114, 3500.00, 120000.00, 70000.00, 0.00, 30000.00, 2600000.00, 3583000.00),
('104', '2026-07', 14694, 14705, 3500.00, 60000.00, 80000.00, 0.00, 30000.00, 2400000.00, 2609000.00),
('105', '2026-07', 8608, 8805, 3500.00, 60000.00, 35000.00, 75000.00, 15000.00, 2600000.00, 3475000.00),
('106', '2026-07', 8152, 8201, 3500.00, 60000.00, 80000.00, 0.00, 30000.00, 2500000.00, 2842000.00),
('107', '2026-07', 30886, 30886, 3500.00, 120000.00, 70000.00, 100000.00, 30000.00, 2000000.00, 2320000.00),

-- Tầng 2
('201', '2026-07', 15396, 15519, 3500.00, 60000.00, 80000.00, 100000.00, 30000.00, 3500000.00, 4201000.00),
('202', '2026-07', 13331, 13473, 3500.00, 180000.00, 70000.00, 0.00, 30000.00, 3500000.00, 4277000.00),
('203', '2026-07', 17672, 17927, 3500.00, 180000.00, 70000.00, 0.00, 30000.00, 2600000.00, 3773000.00),
('204', '2026-07', 8878, 8997, 3500.00, 120000.00, 70000.00, 100000.00, 30000.00, 2600000.00, 3337000.00),
('205', '2026-07', 9848, 9950, 3500.00, 60000.00, 70000.00, 0.00, 30000.00, 2500000.00, 3017000.00),
('206', '2026-07', 7668, 7985, 3500.00, 60000.00, 70000.00, 0.00, 30000.00, 2400000.00, 3670000.00),
('207', '2026-07', 8540, 8655, 3500.00, 120000.00, 50000.00, 0.00, 30000.00, 2200000.00, 2803000.00)
ON DUPLICATE KEY UPDATE 
    old_electricity = old_electricity,
    new_electricity = new_electricity,
    total_amount = total_amount;


-- ==========================================
-- DỮ LIỆU KHÁCH THUÊ, PHƯƠNG TIỆN, TÀI KHOẢN
-- ==========================================

-- 1. Nạp thông tin khách thuê thực tế trích xuất từ các tờ hóa đơn
INSERT INTO renter (full_name, cccd_number, phone, room_number) VALUES
('Nguyễn Ghi Na',          '012345678910', '0919617330', '001'),
('Nguyễn Thị Bảo Trâm',   '012345678911', '0888942292', '003'),
('Ngô Ngọc Thảo',          '012345678912', '0932682770', '104'),
('Thái Thị Việt Trinh',    '012345678913', '0968351843', '201'),
('Nguyễn Thị A Liễu',     '012345678914', '0901000202', '202'),
('Trần Minh Đức',          '012345678915', '0983772224', '203'),
('Hoàng Dương Thanh Duy', '012345678916', '0901000204', '204'),
('Phòng 205 (Đại diện)',   '012345678917', '0565192702', '205')
ON DUPLICATE KEY UPDATE full_name = full_name, phone = phone;

-- 2. Thêm 2 người thuê vào phòng 205
INSERT INTO renter (full_name, cccd_number, phone, dob, room_number) VALUES
('Pham Minh D',  '012345678904', '0904567890', '1996-12-01', '205'),
('Hoang Thi E',  '012345678905', '0905678901', '1998-03-25', '205');

-- 3. Thêm phương tiện vào phòng 101
INSERT INTO vehicle (plate_number, vehicle_type, room_number) VALUES
('29A-11111', 'Yamaha Exciter', '101'),
('29A-22222', 'Honda Vision',    '101');

-- 4. Thêm tài khoản liên kết với người thuê
INSERT INTO account (username, password, role, room_id) VALUES
('nguyenvana', 'hash_password_123', 'RENTER', '101'),
('tranthib',   'hash_password_456', 'RENTER', '102');